ChickID,Nest,Date,ToeNail,Final_age_seen,age_day,Mass_total,mass_bag,Mass_net,S_T,Tar,Treatment_Type
AA1,AA,2018-09-24,TN1,10,0,35,11,24,21.87,23.39,Experimental
AA1,AA,2018-09-27,TN1,10,3,37,11,26,22.62,24.64,Experimental
AA1,AA,2018-09-28,TN1,10,4,43,11,32,22.3,26,Experimental
AA1,AA,2018-09-29,TN1,10,5,45,11,34,23.27,26.49,Experimental
AA1,AA,2018-10-04,TN1,10,10,54,11,43,23.42,30.92,Experimental
AA2,AA,2018-09-28,TN2,11,0,36,11,25,23.16,22.86,Experimental
AA2,AA,2018-09-29,TN2,11,1,35,11,24,22.8,23.98,Experimental
AA2,AA,2018-09-30,TN2,11,2,35,11,24,23.08,24.43,Experimental
AA5,AA,2018-10-04,TN5,11,0,39,11,28,22.24,22.51,Experimental
AA5,AA,2018-10-05,TN5,11,1,37,11,26,21.56,25.03,Experimental
AA5,AA,2018-10-16,TN5,11,11,61,11,50,23.08,31.82,Experimental
AA6,AA,2018-10-04,TN6,14,0,36,11,25,22.01,21.88,Experimental
AA6,AA,2018-10-06,TN6,14,2,34,11,33,21.83,23.79,Experimental
AA6,AA,2018-10-18,TN6,14,14,63,11,52,22.54,28.87,Experimental
AD1,AD,2018-09-28,TN1,2,0,41,11,30,21.21,22.57,Control
AD1,AD,2018-09-30,TN1,2,2,42,11,31,21.69,26.4,Control
AD2,AD,2018-09-28,TN2,24,0,38,11,27,21.29,23.16,Control
AD2,AD,2018-09-30,TN2,24,2,38,11,27,20.9,25.33,Control
AD2,AD,2018-10-01,TN2,24,3,39,11,28,21.91,24.27,Control
AD2,AD,2018-10-22,TN2,24,24,105,10,95,29.29,40.84,Control
AD3,AD,2018-09-28,TN3,2,0,34,11,23,20.87,22.06,Control
AD3,AD,2018-09-30,TN3,2,2,33,11,22,21.12,23.72,Control
AD4,AD,2018-09-29,TN4,37,0,39,11,28,22.57,24.74,Control
AD4,AD,2018-09-30,TN4,37,1,37,11,26,21.76,23.97,Control
AD4,AD,2018-10-01,TN4,37,2,40,11,29,22.51,25.14,Control
AD4,AD,2018-10-09,TN4,37,10,68,11,57,23.63,31.87,Control
AD4,AD,2018-11-05,TN4,37,37,257,10,247,35.76,60.35,Control
AD5,AD,2018-10-01,TN5,0,0,39,11,28,21.27,24.92,Control
AG1,AG,2018-09-24,TN1,4,1,37,11,26,21.47,24.75,Control
AG1,AG,2018-09-26,TN1,4,3,43,10,33,21.03,25.8,Control
AG1,AG,2018-09-27,TN1,4,4,45,11,44,21.9,26.36,Control
AG1,AG,2018-10-05,TN1,,,,,,,,
AG2,AG,2018-09-24,TN2,3,0,34,11,23,21.49,23.58,Control
AG2,AG,2018-09-26,TN2,3,2,39,10,29,21.44,25.3,Control
AG2,AG,2018-09-27,TN2,3,3,39,11,28,21.32,24.93,Control
AG5,AG,2018-09-30,TN5,2,0,37,11,26,21.76,23.83,Control
AG5,AG,2018-10-01,TN5,2,1,36,11,25,22.51,23.69,Control
AG5,AG,2018-10-02,TN5,2,2,40,11,29,22.36,23.71,Control
AG6,AG,2018-10-02,TN6,1,0,33,11,22,21.73,21.59,Control
AG6,AG,2018-10-03,TN6,1,1,32,11,21,22.46,23.06,Control
AG7,AG,2018-10-02,TN7,0,0,34,11,23,22.12,21.11,Control
AR1,AR,2018-10-10,TN1,35,0,39,11,28,21.52,21.93,Experimental
AR1,AR,2018-10-11,TN1,35,1,35,11,24,21.91,23.29,Experimental
AR1,AR,2018-10-12,TN1,35,2,41,11,30,22.2,24.8,Experimental
AR1,AR,2018-10-13,TN1,35,3,39,11,28,21.76,24.09,Experimental
AR1,AR,2018-10-18,TN1,35,8,49,11,38,22.9,27.95,Experimental
AR1,AR,2018-10-25,TN1,35,15,51,11,40,23.1,28.12,Experimental
AR1,AR,2018-11-11,TN1,35,32,177,13,164,32.23,52.83,Experimental
AR1,AR,2018-11-14,TN1,35,35,172,11,161,32.24,53.02,Experimental
AR2,AR,2018-10-12,TN2,3,0,35,11,24,22.8,22.14,Experimental
AR2,AR,2018-10-13,TN2,3,1,35,11,24,21.97,21.73,Experimental
AR2,AR,2018-10-15,TN2,3,3,30,11,19,22.55,21.82,Experimental
AR3,AR,2018-10-14,TN3,0,0,32,11,21,22.61,22.67,Experimental
AV1,AV,2018-10-01,TN1,2,0,38,11,27,21.52,23.88,Experimental
AV1,AV,2018-10-02,TN1,2,1,37,12,25,21.01,23.71,Experimental
AV1,AV,2018-10-03,TN1,2,2,40,11,29,21.44,22.34,Experimental
AV1,AV,2018-11-02,TN1,32,32,154,11,143,30.21,49.43,Experimental
AV2,AV,2018-10-02,TN2,16,0,40,12,28,22.49,24.56,Experimental
AV2,AV,2018-10-03,TN2,16,1,36,11,25,22.58,22.83,Experimental
AV2,AV,2018-10-04,TN2,16,2,35,11,24,22.06,22.44,Experimental
AV2,AV,2018-10-07,TN2,16,5,40,11,29,22.44,24.92,Experimental
AV2,AV,2018-10-23,TN2,16,16,135,11,124,29.55,39.83,Experimental
AV6,AV,2018-10-04,TN6,0,0,36,11,25,22.19,24.08,Experimental
AX11,AX,2018-10-10,TN11,0,0,34,10,24,21.62,19.93,Experimental
AX4,AX,2018-09-30,TN4,7,0,38,11,27,22.41,24.69,Experimental
AX4,AX,2018-10-01,TN4,7,1,36,11,25,22.42,24.45,Experimental
AX4,AX,2018-10-02,TN4,7,2,39,11,28,21.24,23.02,Experimental
AX4,AX,2018-10-03,TN4,7,3,40,11,29,22.91,24.87,Experimental
AX4,AX,2018-10-04,TN4,7,4,42,11,31,22.95,24.31,Experimental
AX4,AX,2018-10-05,TN4,7,5,41,11,30,22.61,25.38,Experimental
AX4,AX,2018-10-07,TN4,7,7,42,11,31,,25.43,Experimental
AX6,AX,2018-10-08,TN6,7,0,36,11,25,22.78,22.78,Experimental
AX6,AX,2018-10-09,TN6,7,1,36,11,25,22.95,23.72,Experimental
AX6,AX,2018-10-10,TN6,7,2,38,10,28,23.06,24.56,Experimental
AX6,AX,2018-10-11,TN6,7,3,41,10,31,22.24,25.18,Experimental
AX6,AX,2018-10-12,TN6,7,4,46,11,35,22.73,25.45,Experimental
AX6,AX,2018-10-13,TN6,7,5,41,11,30,22.89,26.54,Experimental
AX6,AX,2018-10-16,TN6,7,6,49,11,38,23.57,26.04,Experimental
AX6,AX,2018-10-25,TN6,7,7,58,12,46,24.84,29.37,Experimental
,,,,,,,,,,,
AX7,AX,2018-10-09,TN7,16,0,37,11,26,21.84,22.36,Experimental
AX7,AX,2018-10-10,TN7,16,1,35,10,25,21.69,23.32,Experimental
AX7,AX,2018-10-11,TN7,16,2,37,10,27,22.02,24.54,Experimental
AX7,AX,2018-10-12,TN7,16,3,43,11,32,22.19,24.65,Experimental
AX7,AX,2018-10-14,TN7,16,5,40,11,29,22.14,23.64,Experimental
AX7,AX,2018-10-16,TN7,16,7,42,11,31,22.47,24.74,Experimental
AX7,AX,2018-10-25,TN7,16,16,45,12,33,22.52,27.22,Experimental
AX9,AX,2018-10-12,TN9,3,1,35,11,24,20.54,22.62,Experimental
AX9,AX,2018-10-14,TN9,3,3,38,11,27,21.03,22.3,Experimental
AZ1,AZ,2018-10-14,TN1,38,0,36,11,25,21.93,22.91,Control
AZ1,AZ,2018-10-16,TN1,38,2,35,11,24,21.67,23.51,Control
AZ1,AZ,2018-10-23,TN1,38,9,54,11,43,23.58,28.13,Control
AZ1,AZ,2018-11-21,TN1,38,38,172,11,161,34.79,52.22,Control
AZ2,AZ,2018-10-15,TN2,5,0,40,11,29,21.43,22.87,Control
AZ2,AZ,2018-10-16,TN2,5,1,36,11,25,21.66,24.34,Control
AZ2,AZ,2018-10-20,TN2,5,5,40,10,30,22.19,26.68,Control
AZ3,AZ,2018-10-15,TN3,1,0,37,11,26,22.32,24.43,Control
AZ3,AZ,2018-10-16,TN3,1,1,38,11,27,22.48,26.1,Control
AZ3,AZ,2018-11-12,TN3,28,28,173,11,162,32.87,49.2,Control
AZ5,AZ,2018-10-19,TN5,22,4,33,11,22,19.63,23.19,Control
AZ5,AZ,2018-10-20,TN5,22,5,32,10,22,19.55,22.74,Control
AZ5,AZ,2018-10-23,TN5,22,8,34,11,23,19.9,23.67,Control
AZ5,AZ,2018-11-06,TN5,22,22,81,11,70,21.43,26.78,Control
AZ6,AZ,2018-10-20,TN6,2,2,38,10,28,20.92,25.51,Control
C1,C,2018-09-16,TN1,80,0,36,10,26,20.41,22.32,Experimental
C1,C,2018-09-17,TN1,80,1,35,11,24,20.3,23.62,Experimental
C1,C,2018-09-18,TN1,80,2,37,11,26,20.31,23.82,Experimental
C1,C,2018-09-19,TN1,80,3,38,11,27,20.44,24.2,Experimental
C1,C,2018-09-22,TN1,80,6,55,11,44,21.54,22.56,Experimental
C1,C,2018-10-11,TN1,80,25,153,11,142,30.48,47.54,Experimental
C1,C,2018-12-04,TN1,80,80,725,145,580,53.4,90.69,Experimental
C2,C,2018-09-16,TN2,32,0,34,10,24,21.21,22.42,Experimental
C2,C,2018-09-17,TN2,32,1,36,11,25,21.4,22.58,Experimental
C2,C,2018-09-18,TN2,32,2,34,11,23,21.29,23.77,Experimental
C2,C,2018-10-11,TN2,32,25,154,11,143,32.72,51.54,Experimental
C2,C,2018-10-18,TN2,32,32,176,11,165,32.23,53.87,Experimental
E1,E,2018-08-20,TN1,63,0,35,11,24,23.63,21.58,Control
E1,E,2018-09-05,TN1,63,16,85,11,74,25.17,33.36,Control
E1,E,2018-09-12,TN1,63,23,116,11,105,27.24,39.02,Control
E1,E,2018-09-15,TN1,63,26,136,11,125,29.3,41.85,Control
E1,E,2018-09-21,TN1,63,32,196,11,185,32.64,50.32,Control
E1,E,2018-10-06,TN1,63,47,500,125,375,42.55,73.36,Control
E1,E,2018-10-22,TN1,63,63,645,150,495,49.82,88.82,Control
E2,E,2018-08-20,TN2,0,0,36,11,25,24.02,22.18,Control
E3,E,2018-08-20,TN3,59,0,32,11,21,24.19,21.18,Control
E3,E,2018-09-05,TN3,59,16,98,11,87,24.97,38.92,Control
E3,E,2018-09-15,TN3,59,26,160,11,149,30.65,49.31,Control
E3,E,2018-09-21,TN3,59,32,224,11,213,35.11,57.89,Control
E3,E,2018-10-06,TN3,59,47,510,120,390,42.55,78.85,Control
E3,E,2018-10-18,TN3,59,59,595,125,470,48.57,85.36,Control
E4,E,2018-08-25,TN4,21,0,33,10,23,19.67,23.43,Control
E4,E,2018-09-05,TN4,21,11,50,11,39,23.35,27.77,Control
E4,E,2018-09-15,TN4,21,21,64,11,53,24.34,29.63,Control
E5,E,2018-08-26,TN5,41,0,36,11,25,21.01,22.58,Control
E5,E,2018-08-29,TN5,41,3,44,10,34,21.76,23.97,Control
E5,E,2018-09-05,TN5,41,10,57,11,46,22.68,28.68,Control
E5,E,2018-09-09,TN5,41,14,71,10,61,22.96,29.44,Control
E5,E,2018-09-12,TN5,41,17,70,11,59,24.42,30.26,Control
E5,E,2018-09-15,TN5,41,20,81,11,70,24.27,33.77,Control
E5,E,2018-09-21,TN5,41,26,103,11,92,25.88,38.41,Control
E5,E,2018-10-06,TN5,41,41,208,70,138,29.18,41.65,Control
E6,E,2018-09-05,TN6,10,10,47,11,36,23.43,27.11,Control
E7,E,2018-09-05,TN7,,,103,11,92,25.46,37.35,Control
G1,G,2018-08-28,TN1,0,0,38,11,27,22.01,23.47,Experimental
G2,G,2018-08-28,TN2,1,0,35,11,24,22.16,23.41,Experimental
G2,G,2018-08-29,TN2,1,1,35,11,24,22.26,23.19,Experimental
G3,G,2018-08-29,TN3,44,0,35,11,24,21.94,22.19,Experimental
G3,G,2018-09-03,TN3,44,5,48,11,37,21.89,23.47,Experimental
G3,G,2018-10-12,TN3,44,44,198,10,188,35.81,58.44,Experimental
G4,G,2018-09-01,TN4,13,0,38,11,27,20.89,22.5,Experimental
G4,G,2018-09-02,TN4,13,1,35,11,24,21.18,22.68,Experimental
G4,G,2018-09-10,TN4,13,9,36,11,25,22.63,22.06,Experimental
G4,G,2018-09-11,TN4,13,10,33,10,23,22.47,22.51,Experimental
G4,G,2018-09-12,TN4,13,11,35,11,24,23.08,22.76,Experimental
G4,G,2018-09-13,TN4,13,12,34,11,23,22.88,23.38,Experimental
G4,G,2018-09-14,TN4,13,13,31,10,21,22.83,21.89,Experimental
G5,G,2018-09-11,TN5,41,0,35,10,25,21.25,23.78,Experimental
G5,G,2018-09-12,TN5,41,1,36,11,25,21.85,23.54,Experimental
G5,G,2018-09-14,TN5,41,3,39,10,29,21.31,25.57,Experimental
G5,G,2018-10-22,TN1,41,41,234,10,224,37.21,62.92,Experimental
N1,N,2018-08-31,TN1,3,0,33,11,22,21.44,21.49,Control
N1,N,2018-09-01,TN1,3,1,32,11,21,21.36,21.16,Control
N1,N,2018-09-02,TN1,3,2,31,11,20,20.73,23.2,Control
N1,N,2018-09-03,TN1,3,3,32,11,21,21.36,22.87,Control
BD1,BD,2018-10-18,TN1,1,0,36,11,25,21.6,22.11,Control
BD1,BD,2018-10-19,TN1,1,1,35,11,24,21.73,23.01,Control
N2,N,2018-09-02,TN2,1,0,33,11,22,21.8,21.34,Control
N2,N,2018-09-03,TN2,1,1,34,11,23,20.81,21.19,Control
BD2,BD,2018-10-18,TN2,2,0,38,11,27,21.78,24.26,Control
BD2,BD,2018-10-20,TN2,2,2,39,10,29,21.52,25.24,Control
N3,N,2018-09-03,TN3,0,0,34,11,23,20.99,21.79,Control
BD3,BD,2018-10-19,TN3,3,0,36,11,25,21.16,23.85,Control
BD3,BD,2018-10-20,TN3,3,1,40,10,30,21.82,24.07,Control
BD3,BD,2018-10-22,TN3,3,3,50,12,38,21.47,26.55,Control
N4,N,2018-09-03,TN4,4,0,36,11,25,21.24,22.72,Control
N4,N,2018-09-04,TN4,4,1,32,10,22,21.29,20.81,Control
N4,N,2018-09-05,TN4,4,2,32,11,21,21.59,22.36,Control
N4,N,2018-09-06,TN4,4,3,30,11,19,20.45,22.8,Control
N4,N,2018-09-07,TN4,4,4,35,10,25,21.6,22.95,Control
BD4,BD,2018-10-19,TN4,5,0,36,11,25,20.93,23.51,Control
BD4,BD,2018-10-20,TN4,5,1,37,10,27,21.61,23.35,Control
BD4,BD,2018-10-22,TN4,5,3,43,12,31,21.11,24.47,Control
BD4,BD,2018-10-23,TN4,5,4,46,11,35,,25.87,Control
BD4,BD,2018-10-24,TN4,5,5,48,11,37,21.93,,Control
BD5,BD,2018-10-20,TN5,0,0,34,10,24,21.67,24.62,Control
BD6,BD,2018-10-20,TN6,0,0,37,10,27,21.5,23.86,Control
S1,S,2018-09-26,TN1,26,0,31,11,20,22.74,22.44,Experimental
S1,S,2018-09-27,TN1,26,1,31,11,20,23.17,22.88,Experimental
S1,S,2018-09-28,TN1,26,2,33,11,22,22.56,22.92,Experimental
S1,S,2018-09-29,TN1,26,3,31,11,20,22.06,23.3,Experimental
S1,S,2018-09-30,TN1,26,4,32,11,21,23.08,24.43,Experimental
S1,S,2018-10-01,TN1,26,5,33,11,22,22.06,23.33,Experimental
S1,S,2018-10-22,TN1,26,26,91,13,78,25.67,36.81,Experimental
S2,S,2018-10-07,TN5,0,0,35,11,24,22.5,22.27,Experimental
U1,U,2018-09-29,TN1,4,0,40,11,29,21.59,23.35,Experimental
U1,U,2018-09-30,TN1,4,1,41,11,30,21.78,26,Experimental
U1,U,2018-10-02,TN1,4,4,46,11,35,22.18,26.72,Experimental
U2,U,2018-09-29,TN2,4,0,39,11,28,22.43,22.63,Experimental
U2,U,2018-09-30,TN2,4,1,39,11,28,22.09,25.45,Experimental
U2,U,2018-10-02,TN2,4,4,44,11,33,22.6,26.73,Experimental
U3,U,2018-10-04,TN3,4,4,43,11,32,22.04,24.16,Experimental
U5,U,2018-10-08,TN5,,,42,11,31,22.31,24.05,Experimental
V1,V,2018-10-01,TN1,4,0,40,11,29,21.93,22.87,Control
V1,V,2018-10-02,TN1,4,1,39,11,28,22.24,24.81,Control
V1,V,2018-10-03,TN1,4,2,38,11,27,22.03,23.25,Control
V1,V,2018-10-04,TN1,4,3,45,11,34,21.46,25.08,Control
V1,V,2018-10-05,TN1,4,4,35,11,24,21.84,26.71,Control
V2,V,2018-10-05,TN2,2,0,39,11,28,21.52,22.76,Control
V2,V,2018-10-06,TN2,2,1,37,11,26,21.09,23.51,Control
V2,V,2018-10-07,TN2,2,2,36,11,25,21.44,22.66,Control
V3,V,2018-10-06,TN3,1,0,36,11,25,22.07,22.55,Control
V3,V,2018-10-07,TN3,1,1,36,11,25,21.89,23.7,Control
V4,V,2018-10-06,TN4,26,0,36,11,25,22.75,22.04,Control
V4,V,2018-10-07,TN4,26,1,34,11,23,22.35,23.31,Control
V4,V,2018-10-15,TN4,26,9,47,11,36,23.75,27.66,Control
V4,V,2018-10-22,TN4,26,16,66,10,56,24.36,31.04,Control
V4,V,2018-11-01,TN4,26,26,107,11,96,26.08,38.11,Control
V5,V,2018-10-07,TN5,0,0,43,11,32,21.78,24.74,Control
L1,L,01-Sep-18,TN1,84,0,32,11,21,20.59,20.62,Control
L1,L,02-Sep-18,TN1,84,1,32,11,21,21.34,21.48,Control
L2,L,02-Sep-18,TN2,83,0,33,11,22,21.58,21.2,Control
L2,L,03-Sep-18,TN2,83,1,31,11,20,21.05,22.67,Control
L2,L,04-Sep-18,TN2,83,2,36,10,26,21.83,23.71,Control
L3,L,02-Sep-18,TN3,3,0,32,11,21,21.92,23.05,Control
L3,L,04-Sep-18,TN3,3,2,36,10,26,21.83,23.71,Control
L3,L,05-Sep-18,TN3,3,3,38,11,27,21.98,23.93,Control
L1,L,24-Nov-18,TN1,84,84,780,190,590,57.71,96.21,Control
L1,L,01-Oct-18,TN1,84,30,208,11,197,28.04,57.92,Control
L2,L,24-Nov-18,TN2,83,83,775,180,595,56.47,91.39,Control
L2,L,24-Nov-18,TN2,83,29,135,12,123,28.12,54.89,Control
AC1,AC,26-Sep-18,TN1,32,0,37,10,27,21.64,23.03,Experimental
AC2,AC,26-Sep-18,TN2,11,0,36,10,26,21.58,23.2,Experimental
AC1,AC,27-Sep-18,TN1,32,1,40,11,29,21.64,24.52,Experimental
AC2,AC,27-Sep-18,TN2,11,1,40,11,29,21.58,24.94,Experimental
AC2,AC,28-Sep-18,TN2,11,2,41,11,30,21.52,25.87,Experimental
AC1,AC,30-Sep-18,TN1,32,4,49,11,38,21.44,28.49,Experimental
AC2,AC,30-Sep-18,TN2,11,4,44,11,33,21.55,28.63,Experimental
AC2,AC,06-Oct-18,TN2,11,10,52,11,41,29.71,30.14,Experimental
AC2,AC,07-Oct-18,TN2,11,11,47,10,37,23.48,30.16,Experimental
AC1,AC,07-Oct-18,TN1,32,11,53,10,43,23.95,30.84,Experimental
AC1,AC,28-Oct-18,TN1,32,32,133,12,121,26.02,52.07,Experimental
AO1,AO,30-Sep-18,TN1,45,0,36,11,25,21.41,23.98,Control
AO2,AO,30-Sep-18,TN2,45,0,40,11,29,23.24,23.57,Control
AO1,AO,01-Oct-18,TN1,45,1,37,11,26,22.07,24.78,Control
AO1,AO,02-Oct-18,TN1,45,2,41,12,29,22.57,24.98,Control
AO2,AO,02-Oct-18,TN2,45,2,37,12,25,23.3,25.29,Control
AO1,AO,03-Oct-18,TN1,45,3,41,11,30,21.77,23.86,Control
AO2,AO,03-Oct-18,TN2,45,3,42,11,31,23.71,23.58,Control
AO1,AO,14-Nov-18,TN1,45,45,540,135,405,38.51,74.81,Control
AO2,AO,14-Nov-18,TN2,45,45,500,115,385,35.34,71.56,Control
BB1,BB,29-Sep-18,TN1,2,0,35,11,24,22.27,23.49,Experimental
BB1,BB,30-Sep-18,TN1,2,1,33,11,22,22.18,23.91,Experimental
BB2,BB,30-Sep-18,TN2,48,0,38,11,27,23.66,22.88,Experimental
BB1,BB,01-Oct-18,TN1,2,2,37,11,26,22.36,24.13,Experimental
BB2,BB,01-Oct-18,TN2,48,1,36,11,25,23.46,23.72,Experimental
BB3,BB,01-Oct-18,TN3,0,0,38,11,27,22.06,23.58,Experimental
BB2,BB,19-Oct-18,TN2,48,19,99,12,87,25.49,35.09,Experimental
BB5,BB,08-Oct-18,TN5,44,0,37,11,26,21.69,23.12,Experimental
BB5,BB,30-Oct-18,TN5,44,22,86,11,75,23.92,33.86,Experimental
BB2,BB,17-Nov-18,TN2,48,48,405,110,295,38.98,62.39,Experimental
BB5,BB,21-Nov-18,TN5,44,44,390,120,270,35.17,60.91,Experimental
